alias_id,entity_id,alias_text,normalized_alias,alias_type,priority,is_official
1,1,茅台,茅台,common_alias,1,false
2,1,贵州茅台,贵州茅台,official_name,2,true
3,2,五粮液,五粮液,official_name,2,true
4,3,沪深300,沪深300,official_name,2,true
5,4,300ETF,300ETF,common_alias,2,false
6,4,沪深300ETF,沪深300ETF,official_name,1,true
7,5,大盘,大盘,common_alias,10,false
8,6,CPI,CPI,official_name,1,true
9,7,PE,PE,common_alias,1,false
10,7,市盈率,市盈率,official_name,1,true
11,8,平安,平安,common_alias,3,false
12,8,中国平安,中国平安,official_name,2,true
13,9,创业板ETF,创业板ETF,official_name,2,true
14,9,创业板指ETF,创业板指ETF,common_alias,3,false
15,10,证券ETF,证券ETF,official_name,2,true
16,11,平安银行,平安银行,official_name,1,true
17,11,平安,平安,common_alias,3,false
91310,29845,市净率,市净率,official_name,1,true
91312,29845,P/B,P/B,common_alias,1,false
91313,29845,price-to-book,price-to-book,common_alias,1,false
91320,29846,净资产收益率,净资产收益率,official_name,1,true
91321,29846,ROE,ROE,common_alias,1,false
91322,29846,return on equity,return on equity,common_alias,1,false
91330,29847,营业收入,营业收入,official_name,1,true
91332,29847,revenue,revenue,common_alias,1,false
91340,29848,净利润,净利润,official_name,1,true
91341,29848,归母净利润,归母净利润,common_alias,1,false
91342,29848,net profit,net profit,common_alias,1,false
91343,29848,net income,net income,common_alias,1,false
91350,29849,股息率,股息率,official_name,1,true
91351,29849,dividend yield,dividend yield,common_alias,1,false
91360,29850,总市值,总市值,official_name,1,true
91362,29850,market cap,market cap,common_alias,1,false
91363,29850,market capitalisation,market capitalisation,common_alias,1,false
91364,29850,market capitalization,market capitalization,common_alias,1,false
91370,29851,毛利率,毛利率,official_name,1,true
91371,29851,gross margin,gross margin,common_alias,1,false
91380,29852,资产负债率,资产负债率,official_name,1,true
91381,29852,debt-to-asset ratio,debt-to-asset ratio,common_alias,1,false
