entity_id,canonical_name,normalized_name,symbol,market,exchange,entity_type,industry_name,status
1,贵州茅台,贵州茅台,600519.SH,CN,SSE,stock,白酒,active
2,五粮液,五粮液,000858.SZ,CN,SZSE,stock,白酒,active
3,沪深300,沪深300,000300.SH,CN,SSE,index,宽基指数,active
4,沪深300ETF,沪深300ETF,510300.SH,CN,SSE,etf,宽基指数,active
5,上证指数,上证指数,000001.SH,CN,SSE,index,宽基指数,active
7,市盈率,市盈率,,CN,,financial_metric,财务指标,active
8,中国平安,中国平安,601318.SH,CN,SSE,stock,保险,active
9,创业板ETF,创业板ETF,159915.SZ,CN,SZSE,etf,成长指数,active
10,证券ETF,证券ETF,512880.SH,CN,SSE,etf,券商,active
11,平安银行,平安银行,000001.SZ,CN,SZSE,stock,银行,active
29845,市净率,市净率,,CN,,financial_metric,财务指标,active
29846,净资产收益率,净资产收益率,,CN,,financial_metric,财务指标,active
29847,营业收入,营业收入,,CN,,financial_metric,财务指标,active
29848,净利润,净利润,,CN,,financial_metric,财务指标,active
29849,股息率,股息率,,CN,,financial_metric,财务指标,active
29850,总市值,总市值,,CN,,financial_metric,财务指标,active
29851,毛利率,毛利率,,CN,,financial_metric,财务指标,active
29852,资产负债率,资产负债率,,CN,,financial_metric,财务指标,active
